split,url,datePublished,headline,drought_label,agriculture_label,livestock_label,hydrological_resources_label,energy_label
validation,https://elpais.com/ccaa/2012/02/27/galicia/1330372251_191041.html,2012-02-28T07:02:01Z,Arden 70 hectáreas en tres incendios en Lugo y Ourense,True,False,False,False,False
test,https://elpais.com/ccaa/2012/09/03/galicia/1346696916_899933.html,2012-09-04T06:28:44Z,El juez archiva el caso de As Fragas por no hallar culpable,True,False,False,False,False
test,https://elpais.com/diario/2007/04/12/galicia/1176373104_850215.html,2007-04-11T22:00:00Z,"La comunidad, zona sensible",True,False,False,False,False
validation,https://elpais.com/diario/1998/02/13/sociedad/887324409_850215.html,1998-02-12T23:00:00Z,El Tribunal Europeo condena a España por la mala calidad de sus aguas de baño,True,False,False,False,False
validation,https://elpais.com/diario/2000/01/17/sociedad/948063610_850215.html,2000-01-16T23:00:00Z,El ex ministro Villar Mir aspira a presidir el Colegio de Caminos,True,False,False,False,False
validation,https://elpais.com/diario/2005/06/06/madrid/1118057071_850215.html,2005-06-05T22:00:00Z,El PSOE culpa a Aguirre y Gallardón de las fugas de agua,True,False,False,False,False
validation,https://elpais.com/diario/2001/02/21/internacional/982710016_850215.html,2001-02-20T23:00:00Z,"Un millón de personas pueden morir de hambre en Afganistán, según la ONU",True,False,False,False,False
test,https://elpais.com/diario/1998/11/17/cvalenciana/911333882_850215.html,1998-11-16T23:00:00Z,Expertos descartan en Alicante que la actual escasez de lluvia se deba al cambio climático,True,False,False,False,False
validation,https://elpais.com/elpais/2006/06/24/actualidad/1151137018_850215.html,2006-06-24T09:08:00Z,Zapatero aboga por «un gran acuerdo político de convivencia que recoja la pluralidad de Euskadi»,True,False,False,False,False
validation,https://elpais.com/economia/2013/11/14/agencias/1384451687_862861.html,2013-11-14T17:54:51Z,La Comisión de Presupuestos del PE aprueba el presupuesto de la UE para los próximos siete años,True,False,False,False,False
test,https://elpais.com/diario/1981/11/28/portada/375750004_850215.html,1981-11-27T23:00:00Z,El Gobierno prohíbe las concentraciones en la plaza de Oriente,True,False,False,False,False
validation,https://elpais.com/economia/2005/05/13/actualidad/1115969574_850215.html,2005-05-13T13:51:00Z,"El IPC no da sorpresas y sube una décima de punto en abril, hasta el 3,5% interanual",True,False,False,False,False
validation,https://elpais.com/diario/2003/12/08/opinion/1070838005_850215.html,2003-12-07T23:00:00Z,El fracaso en la lucha contra el hambre,True,False,False,False,False
validation,https://elpais.com/diario/1992/02/20/espana/698540417_850215.html,1992-02-19T23:00:00Z,El temporal de nieve y lluvia dificulta el tráfico en el centro y norte de España,True,False,False,False,False
test,https://elpais.com/diario/2005/06/04/madrid/1117884256_850215.html,2005-06-03T22:00:00Z,El Canal tardó dos semanas en descubrir el origen de dos fugas en el distrito de Moncloa,True,False,False,False,False
validation,https://elpais.com/diario/2004/09/17/andalucia/1095373328_850215.html,2004-09-16T22:00:00Z,Funcionarios docentes y directivos,True,False,False,False,False
validation,https://elpais.com/elpais/2011/12/04/3500_millones/1323016403_132301.html,2011-12-04T16:33:23Z,Crónica de la contracumbre: una «mani» en Sudáfrica,True,False,False,False,False
validation,https://elpais.com/politica/2019/10/18/diario_de_espana/1571399670_861692.html,2019-10-18T15:20:01Z,La plegaria por la lluvia que une a musulmanes y cristianos,True,False,False,False,False
test,https://elpais.com/espana/2022-06-21/la-indignacion-crece-sobre-las-ascuas-del-incendio-en-sierra-de-la-culebra.html,2022-06-21T03:40:00Z,La indignación crece sobre las ascuas del incendio en la sierra de la Culebra,True,False,False,False,False
validation,https://elpais.com/diario/1983/07/13/internacional/426895222_850215.html,1983-07-12T22:00:00Z,La «cumbre» del África austral condena a Suráfrica,True,False,False,False,False
test,https://elpais.com/diario/2002/07/21/madrid/1027250667_850215.html,2002-07-20T22:00:00Z,Manzanares,True,False,False,False,False
test,https://elpais.com/diario/2008/03/15/catalunya/1205546839_850215.html,2008-03-14T23:00:00Z,Agbar ofrece al Gobierno distribuir toda el agua en la región de Barcelona,True,False,False,False,False
test,https://elpais.com/mexico/2022-04-27/samuel-y-mariana-se-acabaron-los-likes.html,2022-04-27T02:30:00.308Z,Samuel y Mariana: se acabaron los ‘likes’,True,False,False,False,False
test,https://elpais.com/diario/1983/10/16/espana/435106814_850215.html,1983-10-15T23:00:00Z,Alcaldes afectados por el trasvase del Tajo al Segura envían un informe al Gobierno,True,False,False,False,False
validation,https://elpais.com/diario/2008/06/11/espana/1213135214_850215.html,2008-06-10T22:00:00Z,Espinosa señala «la mejora» en cambio climático pese al aumento de emisiones,True,False,False,False,False
validation,https://elpais.com/ideas/2022-10-23/inmigracion-y-jemeres-rojos.html,2022-10-23T03:00:00.838Z,Inmigración y jemeres rojos,True,False,False,False,False
validation,https://elpais.com/diario/2005/06/20/cvalenciana/1119295087_850215.html,2005-06-19T22:00:00Z,El PSPV dice que Blasco es el principal «peligro» para las zonas húmedas valencianas,True,False,False,False,False
validation,https://elpais.com/espana/2022-09-05/el-pp-de-feijoo-suma-cuatro-decimas-a-su-ventaja-sobre-el-psoe.html,2022-09-05T03:40:00.472Z,El PP de Feijóo suma cuatro décimas a su ventaja sobre el PSOE,True,False,False,False,False
test,https://elpais.com/sociedad/2022-03-16/el-intenso-episodio-de-calima-alcanza-su-pico-en-espana-y-llega-a-las-puertas-de-alemania.html,2022-03-16T04:30:00.374Z,El intenso episodio de calima alcanza su pico en España y llega a las puertas de Alemania,True,False,False,False,False
validation,https://elpais.com/sociedad/2007/10/30/actualidad/1193698802_850215.html,2007-10-30T10:51:00Z,La UE asume la sequía y la escasez de agua como un problema comunitario,True,False,False,False,False
validation,https://elpais.com/ciencia/2022-05-20/problemas-en-la-economia-el-empleo-o-a-la-igualdad-un-informe-documenta-los-danos-colaterales-del-coronavirus.html,2022-05-20T03:20:00.272Z,"Las cicatrices de la pandemia más allá de la salud: golpe a la economía, el empleo y la igualdad",True,False,False,False,False
validation,https://elpais.com/diario/1985/05/28/opinion/486079207_850215.html,1985-05-27T22:00:00Z,¿Desertización provocada?,True,False,False,False,False
validation,https://elpais.com/television/2022-10-10/que-ver-hoy-en-tv-lunes-10-de-octubre-de-2022.html,2022-10-10T03:30:01.025Z,¿Qué ver hoy en TV? Lunes 10 de octubre de 2022,True,False,False,False,False
validation,https://elpais.com/diario/1995/07/07/espana/805068010_850215.html,1995-07-06T22:00:00Z,Valcárcel pide el máximo de competencias para Murcia,True,False,False,False,False
validation,https://elpais.com/sociedad/2009/04/21/actualidad/1240264808_850215.html,2009-04-21T17:09:00Z,Oxfam asegura que las víctimas de desastres naturales se duplicarán en seis años,True,False,False,False,False
test,https://elpais.com/elpais/2018/01/18/ciencia/1516287875_193258.html,2018-01-19T18:20:59Z,"2015, 2016 y 2017 han sido los años más calurosos desde que hay registros",True,False,False,False,False
validation,https://elpais.com/diario/1986/12/04/internacional/534034827_850215.html,1986-12-03T23:00:00Z,Amplias restricciones económicas en Cuba,True,False,False,False,False
validation,https://elpais.com/diario/1984/04/15/sociedad/450828011_850215.html,1984-04-14T22:00:00Z,Finaliza en Segovia el I Congreso Nacional de Geología,True,False,False,False,False
test,https://elpais.com/diario/2008/04/08/catalunya/1207616842_850215.html,2008-04-07T22:00:00Z,Barcelona abrirá 10 pozos más de agua freática en tres años,True,False,False,False,False
test,https://elpais.com/diario/2006/06/09/madrid/1149852265_850215.html,2006-06-08T22:00:00Z,La piscina pública de Vallehermoso pierde cada día 40.000 litros de agua,True,False,False,False,False
validation,https://elpais.com/elpais/2009/08/04/paco_nadal/1249340400_124934.html,2009-08-03T23:00:00Z,"Perú, el primer reportaje (III)",True,False,False,False,False
validation,https://elpais.com/diario/2001/09/01/internacional/999295222_850215.html,2001-08-31T22:00:00Z,Huir del infierno,True,False,False,False,False
test,https://elpais.com/diario/1998/02/08/sociedad/886892401_850215.html,1998-02-07T23:00:00Z,El Gobierno retrasa los planes sobre el agua hasta lograr un consenso con los usuarios,True,False,False,False,False
validation,https://elpais.com/diario/2007/02/18/catalunya/1171764438_850215.html,2007-02-17T23:00:00Z,La mayor nevada de la temporada,True,False,False,False,False
validation,https://elpais.com/sociedad/2007/02/02/actualidad/1170370802_850215.html,2007-02-02T12:38:00Z,"España padecerá más lluvias torrenciales, más sequías y más olas de calor",True,False,False,False,False
validation,https://elpais.com/politica/2017/10/16/actualidad/1508163108_759679.html,2017-10-16T18:37:52Z,“El fuego ha llegado a las mejores zonas de reproducción del oso pardo”,True,False,False,False,False
validation,https://elpais.com/elpais/2016/01/04/opinion/1451933633_311252.html,2016-01-04T23:05:41Z,El invierno de nuestros descontentos,True,False,False,False,False
validation,https://elpais.com/diario/1999/07/30/andalucia/933286936_850215.html,1999-07-29T22:00:00Z,"¿Sequía, qué sequía?",True,False,False,False,False
validation,https://elpais.com/elpais/2005/07/19/actualidad/1121761020_850215.html,2005-07-19T18:26:00Z,El Gobierno aprobará el viernes medidas excepcionales sobre el uso del fuego,True,False,False,False,False
test,https://elpais.com/ccaa/2017/08/23/madrid/1503491096_761090.html,2017-08-23T22:38:51Z,Chapuzón de última hora,True,False,False,False,False
validation,https://elpais.com/elpais/2018/11/19/seres_urbanos/1542622419_741904.html,2018-11-23T07:29:34Z,Se buscan arquitectos para diseñar casas resilientes,True,False,False,False,False
test,https://elpais.com/diario/2003/09/12/opinion/1063317603_850215.html,2003-09-11T22:00:00Z,Inflación enquistada,True,False,False,False,False
validation,https://elpais.com/diario/1999/09/09/economia/936828018_850215.html,1999-09-08T22:00:00Z,Sube la presión,True,False,False,False,False
validation,https://elpais.com/diario/1992/03/22/madrid/701267061_850215.html,1992-03-21T23:00:00Z,Dos plazas recién restauradas esperan desde hace meses las fuentes que las adornarán,True,False,False,False,False
validation,https://elpais.com/diario/1995/10/21/sociedad/814230008_850215.html,1995-10-20T23:00:00Z,"El agua, tema único de la reunión de ministros de la UE en Sevilla",True,False,False,False,False
validation,https://elpais.com/elpais/2020/02/06/ciencia/1580976774_553007.html,2020-02-15T23:08:27Z,Cóctel de bacterias con fresas,True,False,False,False,False
validation,https://elpais.com/internacional/2017/01/21/actualidad/1484985193_140131.html,2017-01-21T14:41:08Z,"Barack Obama: “Esto no es un punto en la historia de América, es una coma”",True,False,False,False,False
validation,https://elpais.com/diario/1997/09/22/internacional/874879209_850215.html,1997-09-21T22:00:00Z,Los comunistas proponen al fin a Kim Jong II como líder norcoreano,True,False,False,False,False
validation,https://elpais.com/diario/1993/01/30/opinion/728348406_850215.html,1993-01-29T23:00:00Z,¿País vertebrado?,True,False,False,False,False
validation,https://elpais.com/diario/1984/10/07/espana/465951619_850215.html,1984-10-06T23:00:00Z,El Gobierno regional no reconoce a la comisión del trasvase poder para autorizar envíos a Murcia,True,False,False,False,False
test,https://elpais.com/diario/2010/12/06/andalucia/1291591324_850215.html,2010-12-06T06:00:00Z,Las lluvias aceleran el desembalse en las presas del Guadalquivir,True,False,False,False,False
test,https://elpais.com/diario/1995/08/10/opinion/808005606_850215.html,1995-08-09T22:00:00Z,¿Qué hacer?,True,False,False,False,False
validation,https://elpais.com/economia/2023-02-15/naturgy-dispara-sus-ingresos-y-beneficios-en-2022-impulsada-por-los-altos-precios-de-la-energia.html,2023-02-15T08:26:03.611Z,Naturgy dispara su beneficio en 2022 impulsada por los altos precios de la energía,True,False,False,False,True
validation,https://elpais.com/economia/2022-12-12/el-gobierno-calcula-en-un-19-la-caida-de-la-demanda-de-gas-entre-agosto-y-noviembre.html,2022-12-12T20:31:20.139Z,El Gobierno calcula en un 19% la caída de la demanda de gas entre agosto y noviembre,True,False,False,False,True
test,https://elpais.com/diario/1991/03/17/opinion/669164406_850215.html,1991-03-16T23:00:00Z,Nuevas crisis en la agenda,True,False,False,False,True
validation,https://elpais.com/diario/1977/02/06/economia/224031620_850215.html,1977-02-05T23:00:00Z,El consumo de energía eléctrica,True,False,False,False,True
validation,https://elpais.com/espana/2022-11-04/sanchez-y-costa-consolidan-la-alianza-iberica-para-reforzarse-en-europa.html,2022-11-04T04:40:00.242Z,Sánchez y Costa consolidan la alianza ibérica para reforzarse en Europa,True,False,False,True,False
test,https://elpais.com/diario/2006/01/12/cvalenciana/1137097084_850215.html,2006-01-11T23:00:00Z,"Alicante obtendrá 120 hectómetros cúbicos de la desalinización en dos años, según Narbona",True,False,False,True,False
validation,https://elpais.com/diario/1999/08/01/andalucia/933459744_850215.html,1999-07-31T22:00:00Z,Miembros de la Unesco debaten sobre los usos éticos del agua,True,False,False,True,False
test,https://elpais.com/mexico/2022-07-25/la-sequia-que-golpea-mexico.html,2022-07-25T10:15:00.292Z,La sequía que arrasa México,True,False,False,True,False
validation,https://elpais.com/diario/2005/10/09/ultima/1128808802_850215.html,2005-10-08T22:00:00Z,Pantano,True,False,False,True,False
test,https://elpais.com/diario/1993/01/16/madrid/727187054_850215.html,1993-01-15T23:00:00Z,El Canal garantiza que este año no habrá restricciones de agua si continua el ahorro,True,False,False,True,False
validation,https://elpais.com/diario/2007/07/17/catalunya/1184634455_850215.html,2007-07-16T22:00:00Z,"Las cuencas de los ríos, en estado de excepcionalidad por la sequía",True,False,False,True,False
test,https://elpais.com/ccaa/2018/03/18/madrid/1521396656_418837.html,2018-03-19T08:54:48Z,Los pantanos de Madrid recogen en 15 días el agua que consume la región en cuatro meses,True,False,False,True,False
validation,https://elpais.com/diario/1983/07/04/espana/426117601_850215.html,1983-07-03T22:00:00Z,"Madrid, al igual que otras capitales españolas, se prepara para el establecimiento de fuertes. restricciones de agua",True,False,False,True,False
test,https://elpais.com/sociedad/2007/03/22/actualidad/1174518001_850215.html,2007-03-22T01:40:00Z,El agua potable ya es una necesidad mundial crucial,True,False,False,True,False
validation,https://elpais.com/diario/1996/03/25/madrid/827756657_850215.html,1996-03-24T23:00:00Z,Naufragios de ciudad,True,False,False,True,False
validation,https://elpais.com/espana/2022-08-19/el-verano-mas-duro-en-medio-siglo-de-los-aviones-apagafuegos.html,2022-08-19T03:40:00.366Z,El verano más duro en medio siglo de los aviones apagafuegos,True,False,False,True,False
validation,https://elpais.com/diario/1995/08/11/madrid/808140256_850215.html,1995-08-10T22:00:00Z,Tejados voladores y piscinas fecales,True,False,False,True,False
validation,https://elpais.com/diario/2008/04/09/catalunya/1207703242_850215.html,2008-04-08T22:00:00Z,Lavar el coche con manguera consume más de 500 litros de agua,True,False,False,True,False
validation,https://elpais.com/diario/2006/10/23/madrid/1161602660_850215.html,2006-10-22T22:00:00Z,La Confederación Hidrográfica halla 289 pozos ilegales en dos años,True,False,False,True,False
validation,https://elpais.com/diario/2008/04/19/espana/1208556002_850215.html,2008-04-18T22:00:00Z,El Ebro a Barcelona por «conducción»,True,False,False,True,False
test,https://elpais.com/diario/1976/09/12/deportes/211327215_850215.html,1976-09-11T22:00:00Z,La lluvia y barro de Balaidos preocupan a Carmelo y Luis,True,False,False,True,False
test,https://elpais.com/diario/1993/01/20/espana/727484405_850215.html,1993-01-19T23:00:00Z,La Junta andaluza invertirá 2.368 millones en obras para paliar la sequía,True,False,False,True,False
validation,https://elpais.com/diario/1992/10/24/madrid/719929464_850215.html,1992-10-23T23:00:00Z,Las denuncias por regar jardines en plena sequía incluyen a nueve organismos oficiales,True,False,False,True,False
validation,https://elpais.com/diario/2008/05/15/catalunya/1210813645_850215.html,2008-05-14T22:00:00Z,Baltasar relajó las medidas antisequía sin informar al Gobierno,True,False,False,True,False
validation,https://elpais.com/diario/1982/05/26/espana/391212027_850215.html,1982-05-25T22:00:00Z,Cinco pueblos de Badajoz en «alerta roja» por la sequía,True,False,False,True,False
validation,https://elpais.com/diario/1985/11/03/madrid/499868655_850215.html,1985-11-02T23:00:00Z,La lluvia aleja el peligro de contaminación,True,False,False,True,False
validation,https://elpais.com/espana/catalunya/2022-06-16/cataluna-pide-ayuda-al-ejercito-y-a-los-agricultores-para-apagar-los-incendios-en-artesa-y-corbera-debre.html,2022-06-16T06:07:47.162Z,Cataluña afronta el peor escenario: varios fuegos simultáneos y una ola de calor prematura,True,False,False,True,False
validation,https://elpais.com/diario/2005/09/22/andalucia/1127341351_850215.html,2005-09-21T22:00:00Z,Las suministradoras de agua dicen que el control sanitario exigido por la Junta es demasiado rígido,True,False,False,True,False
test,https://elpais.com/diario/2005/10/01/madrid/1128165868_850215.html,2005-09-30T22:00:00Z,"Simancas quiere un pacto con Aguirre sobre grandes obras, agua y sanidad",True,False,False,True,False
validation,https://elpais.com/diario/2005/07/28/opinion/1122501604_850215.html,2005-07-27T22:00:00Z,"Hambres, hambrunas  y olvidos",True,False,False,True,False
test,https://elpais.com/ccaa/2012/08/16/catalunya/1345144954_276149.html,2012-08-16T22:33:05Z,La sequía empieza en los pozos,True,False,True,True,False
validation,https://elpais.com/elpais/2011/07/15/3500_millones/1310704200_131070.html,2011-07-15T04:30:00Z,La crisis del Cuerno de África desde el campo de refugiados de Dadaab,True,False,True,True,False
validation,https://elpais.com/diario/1983/10/06/madrid/434291054_850215.html,1983-10-05T23:00:00Z,Transportistas privados venden el agua a peseta el litro en los pueblos que sufren restricciones,True,False,True,True,False
test,https://elpais.com/diario/1993/06/24/espana/740872813_850215.html,1993-06-23T22:00:00Z,La sequía echa a  perder las cosechas,True,True,False,False,False
validation,https://elpais.com/diario/2005/07/09/cvalenciana/1120936702_850215.html,2005-07-08T22:00:00Z,Los agricultores piden aplazar el pago de préstamos por la sequía,True,True,False,False,False
validation,https://elpais.com/diario/2008/12/04/internacional/1228345205_850215.html,2008-12-03T23:00:00Z,La oposición de Bolivia reanuda las protestas contra Morales,True,True,False,False,False
validation,https://elpais.com/diario/2002/01/07/cvalenciana/1010434687_850215.html,2002-01-06T23:00:00Z,EU pide un plan para paliar el daño del mal tiempo en el campo,True,True,False,False,False
validation,https://elpais.com/diario/2008/07/24/andalucia/1216851727_850215.html,2008-07-23T22:00:00Z,Regantes y «hippies» pugnan por el agua,True,True,False,False,False
validation,https://elpais.com/economia/2019/05/16/alternativas/1557998719_458384.html,2019-05-16T09:45:59Z,De Siria a España: preservar la protección social ante el cambio climático,True,True,False,False,False
test,https://elpais.com/diario/1988/07/04/economia/583970408_850215.html,1988-07-03T22:00:00Z,La alta producción y la humedad marcan a la baja la campaña cerealística,True,True,False,False,False
validation,https://elpais.com/diario/1989/08/21/economia/619653608_850215.html,1989-08-20T22:00:00Z,Buenos precios y cosecha corta en el girasol,True,True,False,False,False
test,https://elpais.com/diario/2008/07/14/andalucia/1215987730_850215.html,2008-07-13T22:00:00Z,Los albañiles vuelven al campo,True,True,False,False,False
validation,https://elpais.com/diario/1983/11/16/espana/437785221_850215.html,1983-11-15T23:00:00Z,Mauritania y España deciden renegociar el acuerdo de pesca a partir de diciembre,True,True,False,False,False
validation,https://elpais.com/ccaa/2019/08/17/madrid/1566058935_369555.html,2019-08-17T22:44:06Z,Uvas convertidas en cenizas,True,True,False,False,False
test,https://elpais.com/diario/2000/09/18/economia/969228007_850215.html,2000-09-17T22:00:00Z,La sequía de los últimos meses reduce la próxima cosecha de vino,True,True,False,False,False
test,https://elpais.com/diario/2005/09/28/catalunya/1127869648_850215.html,2005-09-27T22:00:00Z,Lleida inaugura la Feria de Sant Miquel en medio de la grave crisis del sector agrícola,True,True,False,False,False
validation,https://elpais.com/diario/1999/07/28/catalunya/933124051_850215.html,1999-07-27T22:00:00Z,La Generalitat ayudará a 171 municipios que padecen la sequía,True,True,False,False,False
test,https://elpais.com/espana/2022-03-06/moreno-bonilla-se-abre-una-etapa-para-el-dialogo-con-el-psoe.html,2022-03-06T04:40:00.467Z,Moreno Bonilla: “Se abre una etapa para el diálogo con el PSOE”,True,True,False,False,False
validation,https://elpais.com/diario/2011/06/11/sociedad/1307743209_850215.html,2011-06-11T05:00:00Z,Inglaterra y Francia sufren la peor sequía en décadas,True,True,False,False,False
validation,https://elpais.com/politica/2018/03/22/actualidad/1521703759_778520.html,2018-03-22T22:30:13Z,Detenido un concejal del PSOE de un pueblo de Segovia por diez robos con fuerza,True,True,False,False,False
validation,https://elpais.com/diario/1978/06/14/economia/266623215_850215.html,1978-06-13T22:00:00Z,Descienden las previsiones de producción cafetera en Brasil,True,True,False,False,False
validation,https://elpais.com/diario/1977/03/26/internacional/228178812_850215.html,1977-03-25T23:00:00Z,Altos dirigentes chinos discuten el futuro de Ten Hsiao-ping,True,True,False,False,False
validation,https://elpais.com/diario/1981/11/10/economia/374194807_850215.html,1981-11-09T23:00:00Z,Optima cosecha de remolacha en la cuenca del Duero,True,True,False,False,False
validation,https://elpais.com/diario/1988/08/21/economia/588117609_850215.html,1988-08-20T22:00:00Z,Varias empresas multinacionales ofertan maíz a la baja para fin de año,True,True,False,False,False
test,https://elpais.com/diario/2005/03/28/internacional/1111960814_850215.html,2005-03-27T22:00:00Z,"Cae la producción de opio en Afganistán, según la ONU",True,True,False,False,False
validation,https://elpais.com/planeta-futuro/2021-11-08/la-onu-advierte-de-que-45-millones-de-personas-estan-al-borde-de-la-hambruna.html,2021-11-08T12:31:27.161Z,La ONU advierte de que 45 millones de personas están al borde de la hambruna,True,True,False,False,False
validation,https://elpais.com/diario/1991/09/23/economia/685576810_850215.html,1991-09-22T22:00:00Z,Bloqueado a la baja el mercado nacional de cereales,True,True,False,False,False
validation,https://elpais.com/diario/2005/10/19/espana/1129672819_850215.html,2005-10-18T22:00:00Z,Los embalses suben por primera vez desde mayo gracias a las lluvias,True,True,False,True,False
validation,https://elpais.com/ccaa/2012/03/10/madrid/1331401260_089746.html,2012-03-11T12:15:47Z,Mirando al cielo,True,True,False,True,False
validation,https://elpais.com/diario/1999/11/06/andalucia/941844146_850215.html,1999-11-05T23:00:00Z,La dotación de riego en el Guadalquivir se reduce a la mitad para esta campaña,True,True,False,True,False
validation,https://elpais.com/diario/2007/03/18/negocio/1174225943_850215.html,2007-03-17T23:00:00Z,La primera OPA para ahorrar agua,True,True,False,True,False
validation,https://elpais.com/sociedad/2008/02/18/actualidad/1203289202_850215.html,2008-02-18T09:23:00Z,La lluvia llega a la península y las islas,True,True,False,True,False
validation,https://elpais.com/diario/2008/05/24/catalunya/1211591244_850215.html,2008-05-23T22:00:00Z,«Mossos» y regantes del Ter acaban a golpes durante una visita de Montilla,True,True,False,True,False
test,https://elpais.com/diario/1983/11/01/espana/436489215_850215.html,1983-10-31T23:00:00Z,Regar con aguas del Guadalquivir será multado hasta con 5 millones,True,True,False,True,False
test,https://elpais.com/diario/1989/09/08/espana/621208805_850215.html,1989-09-07T22:00:00Z,Un desaparecido y tres heridos en Andalucía,True,True,False,True,False
test,https://elpais.com/elpais/2016/07/21/3500_millones/1469102694_146910.html,2016-07-21T12:04:54Z,Resiliencia: el muelle que impulsa la vida,True,True,False,True,False
validation,https://elpais.com/elpais/2019/10/29/planeta_futuro/1572363354_802645.html,2019-11-03T23:00:33Z,El hambre que cien años dura,True,True,False,True,False
validation,https://elpais.com/sociedad/2019/06/20/actualidad/1561018561_180258.html,2019-06-20T15:54:55Z,España vuelve a la sequía a las puertas de un verano muy caluroso,True,True,False,True,False
test,https://elpais.com/diario/2008/06/04/andalucia/1212531735_850215.html,2008-06-03T22:00:00Z,Los arroceros anuncian querellas contra Costas,True,True,False,True,False
validation,https://elpais.com/diario/2000/01/20/cvalenciana/948399478_850215.html,2000-01-19T23:00:00Z,La escasez de lluvias otoñales deja los embalses un 20% por debajo de la media,True,True,False,True,False
validation,https://elpais.com/economia/2005/05/06/actualidad/1115364781_850215.html,2005-05-06T14:12:00Z,El Gobierno aprueba medidas de urgencia contra la sequía,True,True,False,True,False
test,https://elpais.com/ccaa/2012/07/26/andalucia/1343320763_317789.html,2012-07-26T21:58:47Z,"La Junta mantendrá la subvención a los seguros agrarios, aunque reducida",True,True,True,False,False
validation,https://elpais.com/diario/1984/09/10/economia/463615209_850215.html,1984-09-09T22:00:00Z,2.000 millones de subvenciones para la agricultura castellana,True,True,True,False,False
test,https://elpais.com/diario/2005/10/25/andalucia/1130192535_850215.html,2005-10-24T22:00:00Z,"La producción agraria y ganadera caerá el 4,1% este año por las inclemencias climáticas",True,True,True,False,False
validation,https://elpais.com/diario/1992/04/01/economia/702079209_850215.html,1992-03-31T22:00:00Z,Francia y España urgen a un acuerdo sobre la reforma agraria en la CE,True,True,True,False,False
validation,https://elpais.com/diario/1981/07/22/economia/364600809_850215.html,1981-07-21T22:00:00Z,Polémica sobre las ayudas de Agricultura a la sequía,True,True,True,False,False
validation,https://elpais.com/diario/2005/06/08/economia/1118181608_850215.html,2005-06-07T22:00:00Z,"El cordero, el pollo y la ternera suben más del 10% en un año",True,True,True,False,False
test,https://elpais.com/ccaa/2012/04/11/galicia/1334165246_093125.html,2012-04-11T17:27:26Z,Hernández vuelve a presentar el plan contra la sequía que anunció en otoño,True,True,True,True,False
validation,https://elpais.com/economia/2013/04/28/actualidad/1367165650_661535.html,2013-04-29T00:19:36Z,El Gobierno rebaja la fiscalidad agraria,True,True,True,True,False
test,https://elpais.com/diario/1995/08/14/madrid/808399471_850215.html,1995-08-13T22:00:00Z,Blindaje acuífero,True,True,True,True,False
validation,https://elpais.com/diario/2006/02/09/sociedad/1139439611_850215.html,2006-02-08T23:00:00Z,"El hambre amenaza la vida de 3,5 millones de personas en Kenia",True,True,True,True,False
validation,https://elpais.com/economia/2012/08/10/actualidad/1344612286_390678.html,2012-08-10T15:24:46Z,Un verano muy revelador,True,True,True,True,False
test,https://elpais.com/elpais/2013/05/05/opinion/1367774047_136084.html,2013-05-05T22:33:13Z,¿No es noticia?,True,True,True,True,False
validation,https://elpais.com/diario/1992/08/05/internacional/712965609_850215.html,1992-08-04T22:00:00Z,Gobierno y guerrilla de Mozambique abren negociaciones de paz en Roma,True,True,True,True,False
validation,https://elpais.com/internacional/2021-09-02/la-onu-alerta-de-que-afganistan-se-enfrenta-a-una-catastrofe-humanitaria.html,2021-09-02T19:48:33.450Z,La ONU alerta de que Afganistán se enfrenta a una “catástrofe humanitaria” ,True,True,True,True,False
validation,https://elpais.com/diario/2005/10/12/catalunya/1129079241_850215.html,2005-10-11T22:00:00Z,Las previsiones anuncian para hoy la llegada de lluvias generalizadas,True,False,False,False,False
validation,https://elpais.com/elpais/2019/08/19/opinion/1566226356_021341.html,2019-08-19T23:29:48Z,Agua y fuego,True,False,False,False,False
validation,https://www.elperiodicodearagon.com/aragon/2012/12/07/ayudas-regimen-pago-unico-pac-47464989.html,2012-12-07T08:37:32+01:00,Las ayudas del régimen de pago único de la PAC comienzan a abonarse este viernes,True,False,False,False,False
test,https://www.levante-emv.com/castello/2014/06/15/chj-investiga-palancia-desaparicion-agua-12745086.html,2014-06-15T02:13:31+02:00,La CHJ investiga en el Palancia la desaparición de agua del Regajo para descartar robos,True,False,False,False,False
test,https://www.laopiniondezamora.es/opinion/2019/12/08/discriminacion-fiscal-positiva-debate-necesario-1002793.html,2019-12-08T00:00:00+01:00,Discriminación fiscal positiva: un debate necesario para el futuro de Zamora,True,False,False,False,False
validation,https://www.elperiodicomediterraneo.com/castello/2016/02/06/els-ports-sigue-plan-problemas-41722729.html,2016-02-06T00:00:00+01:00,Els Ports sigue sin plan para sus problemas de sequía tras dos años,True,False,False,False,False
validation,https://www.laopinioncoruna.es/galicia/2011/07/15/explotaciones-gallegas-aumentaron-superficie-diez-25108314.html,2011-07-15T03:00:04+02:00,"Las explotaciones gallegas, las que más aumentaron su superficie en diez años",True,False,False,False,False
test,https://www.elperiodicodearagon.com/aragon/2002/12/09/herramienta-conocer-ebro-48350604.html,2002-12-09T06:05:00+01:00,La herramienta para conocer al Ebro,True,False,False,False,False
validation,https://www.elperiodicoextremadura.com/lo-ultimo/2011/02/20/luz-tarifas-guadiana-tajo-ahogan-45008518.html,2011-02-20T03:40:00+01:00,La luz y las tarifas del Guadiana y el Tajo ´ahogan´ a 30.000 regantes extremeños,True,False,False,False,False
validation,https://www.elperiodicodearagon.com/lo-ultimo/2009/01/19/nieve-pirineo-generara-luz-38-47858068.html,2009-01-19T03:55:00+01:00,La nieve del Pirineo generará tanta luz como 38.000 toneladas de petróleo,True,False,False,False,False
test,https://www.lne.es/cuencas/2012/11/30/pantanos-recuperan-21-capacidad-mes-20755882.html,2012-11-30T01:00:05+01:00,Los pantanos recuperan el 21% de su capacidad en un mes y ya tienen más agua que en noviembre de 2011,True,False,False,False,False
validation,https://www.farodevigo.es/galicia/2022/08/19/sequia-galicia-falta-agua-2039-73679528.html,2022-08-19T04:02:21+02:00,La sequía se agravará: con un 10% menos de agua en 2039 la demanda solo bajará un 5%,True,False,False,False,False
validation,https://www.laprovincia.es/gran-canaria/2009/01/11/tomas-perez-jimenez-aldea-vivir-10937339.html,2009-01-10T23:10:25+00:00,"TOMÁS PÉREZ JIMÉNEZ: ""La Aldea puede vivir un éxodo como el que ya sufrió en la década de los 70""",True,False,False,False,False
validation,https://www.farodevigo.es/galicia/2012/12/09/55-energia-region-procede-petroleo-17568557.html,2012-12-09T01:00:01+01:00,El 55% de la energía en la región procede del petróleo,True,False,False,False,True
test,https://www.elperiodicomediterraneo.com/lo-ultimo/2006/05/18/carbon-refinerias-pasan-42861715.html,2006-05-18T00:00:00+02:00,"Carbón y refinerías, los que más se pasan",True,False,False,False,True
test,https://www.elperiodicomediterraneo.com/lo-ultimo/2005/06/29/consecuencias-alza-precios-llegan-factura-42932312.html,2005-06-29T00:00:00+02:00,Las consecuencias del alza de precios llegan hasta la factura de la luz,True,False,False,False,True
validation,https://www.diariodemallorca.es/economia/2005/08/01/cuatro-grandes-electricas-ganan-22-4479292.html,2005-08-01T01:00:00+02:00,"Las cuatro grandes eléctricas ganan un 22,1% más en el primer semestre",True,False,False,False,True
validation,https://www.informacion.es/economia/2005/07/01/demanda-electricidad-aumento-7-primer-7824197.html,2005-07-01T01:00:00+02:00,La demanda de electricidad aumentó un 7% en el primer semestre y batió récords en junio,True,False,False,False,True
test,https://www.farodevigo.es/economia/2022/10/29/electricidad-gas-crece-30-140-77869360.html,2022-10-29T04:01:33+02:00,La electricidad con gas crece un 30% y un 140% con carbón por la sequía en Galicia,True,False,False,False,True
validation,https://www.elperiodicoextremadura.com/sociedad/2005/06/13/energia-eolica-superado-hidroelectrica-3-45539587.html,2005-06-13T06:25:00+02:00,La energía eólica ha superado a la hidroeléctrica en 3 meses del 2005,True,False,False,False,True
test,https://www.laopinioncoruna.es/economia/2017/12/21/energia-renovable-registra-ano-peor-24146226.html,2017-12-21T01:20:17+01:00,La energía renovable registra este año su peor dato en un lustro por la sequía,True,False,False,False,True
validation,https://www.elperiodicomediterraneo.com/economia/2006/07/28/espana-demanda-cuatro-veces-luz-42846739.html,2006-07-28T00:00:00+02:00,España demanda cuatro veces más luz que la UE,True,False,False,False,True
validation,https://www.elperiodicodearagon.com/aragon/2006/07/13/estiaje-encarece-factura-productiva-48092407.html,2006-07-13T03:45:00+02:00,El estiaje encarece la factura productiva,True,False,False,False,True
validation,https://www.laopinioncoruna.es/economia/2007/06/26/galicia-genero-2006-10-electricidad-25512845.html,2007-06-26T03:00:00+02:00,Galicia generó en 2006 casi el 10% de toda la electricidad en España,True,False,False,False,True
test,https://www.laopinioncoruna.es/economia/2017/12/30/generacion-energia-hidroelectrica-cayo-mitad-24140825.html,2017-12-30T01:17:07+01:00,La generación de energía hidroeléctrica cayó a la mitad este año por la sequía,True,False,False,False,True
validation,https://www.informacion.es/nacional/2005/08/01/grandes-electricas-ganan-22-7818264.html,2005-08-01T01:00:00+02:00,Las grandes eléctricas ganan un 22% más,True,False,False,False,True
test,https://www.levante-emv.com/castello/2018/01/11/hidraulica-lastra-renovables-12071809.html,2018-01-11T21:56:30+01:00,La hidráulica lastra las renovables en 2017,True,False,False,False,True
validation,https://www.informacion.es/opinion/2011/03/20/insaciable-sed-nucleares-7031362.html,2011-03-20T06:00:00+01:00,La insaciable sed de las nucleares,True,False,False,False,True
validation,https://www.laopinioncoruna.es/economia/2012/12/09/mitad-energia-comunidad-gallega-proviene-24943608.html,2012-12-09T01:00:07+01:00,Más de la mitad  de la energía en  la comunidad gallega proviene  del petróleo,True,False,False,False,True
validation,https://www.farodevigo.es/deza-tabeiros-montes/2019/01/03/portodemouros-72-capacidad-15808846.html,2019-01-03T01:43:21+01:00,Portodemouros está al 72% de su capacidad,True,False,False,False,True
validation,https://www.laopiniondezamora.es/economia/2017/10/24/precio-electricidad-alcanza-maximo-anual-1151681.html,2017-10-24T06:59:00+02:00,El precio de la electricidad alcanza su máximo anual,True,False,False,False,True
validation,https://www.elperiodicoextremadura.com/lo-ultimo/2012/03/21/produccion-electrica-embalses-cae-50-44887637.html,2012-03-21T03:40:01+01:00,La producción eléctrica de los embalses cae casi un 50% en un año,True,False,False,False,True
validation,https://www.diariodemallorca.es/economia/2005/06/20/produccion-hidroelectrica-cae-aumenta-demanda-4485804.html,2005-06-20T01:00:00+02:00,La producción hidroeléctrica cae mientras aumenta la demanda,True,False,False,False,True
validation,https://elpais.com/diario/2005/09/20/catalunya/1127178440_850215.html,2005-09-19T22:00:00Z,Barcelona sufre el segundo año con menos lluvia desde 1914,True,False,False,True,False
validation,https://elpais.com/diario/2008/03/31/espana/1206914404_850215.html,2008-03-30T22:00:00Z,Agua por un tubo o con pajita,True,False,False,True,False
validation,https://elpais.com/diario/2005/08/18/madrid/1124364255_850215.html,2005-08-17T22:00:00Z,El cauce del río Jarama está seco en el entorno de Torremocha y Torrelaguna,True,False,False,True,False
validation,https://elpais.com/diario/2005/08/24/portada/1124834404_850215.html,2005-08-23T22:00:00Z,"Los embalses están al 43,6% tras descender un 2,8% en una semana",True,False,False,True,False
validation,https://elpais.com/diario/2005/08/18/madrid/1124364254_850215.html,2005-08-17T22:00:00Z,En septiembre la región entrará en fase de sequía severa,True,False,False,True,False
validation,https://elpais.com/diario/2000/08/30/cvalenciana/967663081_850215.html,2000-08-29T22:00:00Z,Medio Ambiente califica de «extrema» la sequía y asegura que las reservas de agua están al 12%,True,False,False,True,False
validation,https://elpais.com/diario/2007/01/18/paisvasco/1169152800_850215.html,2007-01-17T23:00:00Z,Los pantanos que surten al 60% de los vascos caen al nivel del inicio de la sequía de los 90,True,False,False,True,False
validation,https://www.lne.es/asturias/2011/10/17/activada-prealerta-sequia-asturias-21016510.html,2011-10-17T19:07:57+02:00,Activada la prealerta de sequía en Asturias,True,False,False,True,False
validation,https://elpais.com/diario/2007/12/07/catalunya/1196993244_850215.html,2007-12-06T23:00:00Z,"El Ter, bajo mínimos",True,False,False,True,False
validation,https://elpais.com/diario/2011/11/03/catalunya/1320286040_850215.html,2011-11-03T06:00:00Z,La sequía se nota ya en el Ebro,True,False,False,True,False
validation,https://elpais.com/sociedad/2012/03/22/actualidad/1332445625_627368.html,2012-03-22T19:47:05Z,España limita el caudal de los ríos hacia Portugal por la sequía,True,False,False,True,False
test,https://www.elperiodicodearagon.com/lo-ultimo/2008/03/27/cabeceras-rios-pirenaicos-llegan-siquiera-47942226.html,2008-03-27T03:55:00+01:00,Las cabeceras de varios ríos pirenaicos no llegan siquiera al caudal ecológico,True,False,False,True,False
validation,https://elpais.com/ccaa/2018/02/13/catalunya/1518552209_475910.html,2018-02-13T20:47:58Z,Las lluvias y la nieve dan un leve respiro a la sequía,True,False,False,True,False
validation,https://elpais.com/diario/2008/06/20/opinion/1213912808_850215.html,2008-06-19T22:00:00Z,Tiempo de sequías,True,False,False,True,False
test,https://www.laopinioncoruna.es/galicia/2011/10/19/confederacion-mino-sil-declarara-prealerta-25077897.html,2011-10-19T03:00:08+02:00,La Confederación del Miño-Sil declarará la prealerta por sequía si no llueve en 10 días,True,False,False,True,False
test,https://www.elperiodicodearagon.com/lo-ultimo/2008/06/03/crecida-afectara-cultivo-impedira-inauguracion-47922134.html,2008-06-03T17:31:00+02:00,La crecida solo afectará al cultivo y no impedirá la inauguración de la Expo,True,False,False,True,False
validation,https://elpais.com/diario/2005/01/23/espana/1106434812_850215.html,2005-01-22T23:00:00Z,"La situación hidrológica, al límite",True,False,False,True,False
validation,https://www.elperiodicodearagon.com/aragon/2007/10/30/ebro-otono-menor-nivel-reservas-47982816.html,2007-10-30T03:55:00+01:00,El Ebro tiene este otoño el menor nivel de reservas de la década,True,False,False,True,False
test,https://elpais.com/diario/2006/08/11/catalunya/1155258444_850215.html,2006-08-10T22:00:00Z,La prolongada sequía amenaza a miles de peces en los ríos de Lleida,True,False,False,True,False
test,https://elpais.com/diario/1989/11/10/espana/626655622_850215.html,1989-11-09T23:00:00Z,Campaña para restringir el consumo de agua en Cataluña,True,False,False,True,False
validation,https://www.laopiniondemalaga.es/feria-de-malaga/2005/10/05/falta-lluvias-cierra-ano-seco-29230409.html,2005-10-05T03:00:00+02:00,La falta de lluvias cierra el año más seco desde 1990,True,False,False,True,False
validation,https://www.farodevigo.es/galicia/2018/02/10/galicia-deja-alerta-sequia-embalses-16085868.html,2018-02-10T02:35:06+01:00,Casi toda Galicia deja de estar en alerta por sequía con los embalses al 75% de capacidad,True,False,False,True,False
test,https://www.laprovincia.es/sociedad/2009/11/06/gobierno-aprueba-trasvase-tablas-daimiel-10829339.html,2009-11-06T16:25:48+00:00,El Gobierno aprueba un trasvase para las Tablas de Daimiel,True,False,False,True,False
validation,https://www.elperiodicodearagon.com/aragon/2008/04/02/mayor-parte-aragon-sigue-emergencia-47939844.html,2008-04-02T03:55:00+02:00,La mayor parte de Aragón sigue en emergencia o alerta por sequía,True,False,False,True,False
test,https://www.elperiodicodearagon.com/lo-ultimo/2006/10/26/medio-ambiente-espera-lluvia-otono-48073759.html,2006-10-26T03:55:00+02:00,Medio Ambiente espera que la lluvia de este otoño termine con la sequía,True,False,False,True,False
validation,https://www.informacion.es/alicante/2004/07/28/narbona-da-trasvase-socorro-alicante-7857550.html,2004-07-28T01:00:00+02:00,Narbona da un trasvase de socorro a Alicante tras constatar la falta de agua,True,False,False,True,False
validation,https://www.farodevigo.es/ourense/2017/01/13/nivel-rios-pleno-enero-activa-16414732.html,2017-01-13T22:42:41+01:00,El bajo nivel de los ríos en pleno enero activa la prealerta por sequía en toda la cuenca Miño-Sil,True,False,False,True,False
test,https://www.farodevigo.es/galicia/2012/05/03/plan-papel-mojado-17660971.html,2012-05-03T09:30:00+02:00,Un plan en papel mojado,True,False,False,True,False
validation,https://www.elperiodicodearagon.com/aragon/2012/04/19/pleno-comision-desembalse-analiza-reservas-47543505.html,2012-04-19T16:57:02+02:00,El pleno de la Comisión de Desembalse analiza las reservas de agua de la Cuenca,True,False,False,True,False
test,https://www.farodevigo.es/pontevedra/2011/08/17/pontillon-86-5-ocupacion-agua-17732508.html,2011-08-17T04:12:48+02:00,"El Pontillón está al 86,5 % de ocupación de agua y el Concello no prevé restricciones",True,False,False,True,False
validation,https://www.levante-emv.com/comunitat-valenciana/2012/01/17/sequia-reduce-mitad-caudal-rios-13011352.html,2012-01-17T20:06:58+01:00,La sequía reduce a la mitad el caudal de los ríos valencianos,True,False,False,True,False
test,https://www.levante-emv.com/castello/2010/01/19/temporal-nieve-lluvia-apenas-aumentan-13173541.html,2010-01-19T01:00:23+01:00,El temporal de nieve y la lluvia apenas aumentan la reserva hídrica de Castelló,True,False,False,True,False
test,https://www.farodevigo.es/galicia/2017/12/05/xunta-amplia-alerta-sequia-comunidad-16142464.html,2017-12-05T01:57:53+01:00,La Xunta amplía la alerta por sequía a toda la comunidad,True,False,False,True,False
validation,https://www.farodevigo.es/galicia/2011/08/25/xunta-asegura-sequia-paso-momento-17729753.html,2011-08-25T16:25:05+02:00,La Xunta asegura la sequía 'ya pasó' su momento más crítico,True,False,False,True,False
validation,https://www.farodevigo.es/gran-vigo/2011/10/07/xunta-mantiene-caudal-ecologico-eiras-17719072.html,2011-10-07T09:30:00+02:00,"La Xunta mantiene el caudal ecológico de Eiras y Zamáns salvo ""una situación grave de sequía""",True,False,False,True,False
validation,https://elpais.com/internacional/2016/01/21/america/1453333446_897283.html,2016-01-21T02:23:56Z,La sequía en Venezuela se convierte en emergencia,True,False,False,True,True
validation,https://www.elperiodicodearagon.com/opinion/2005/06/13/alternativa-eolica-48170226.html,2005-06-13T06:05:00+02:00,La alternativa eólica,True,False,False,True,True
test,https://www.lne.es/cuencas/2011/10/09/buen-tiempo-dispara-quema-carbon-21018534.html,2011-10-09T03:00:10+02:00,El buen tiempo dispara la quema de carbón para evitar cortes de suministro eléctrico,True,False,False,True,True
test,https://elpais.com/clima-y-medio-ambiente/2021-09-01/la-sequia-obliga-al-gobierno-de-brasil-a-racionar-el-agua-y-la-electricidad.html,2021-09-01T21:13:19.880Z,La sequía lleva al Gobierno de Brasil a recomendar reducir el aire acondicionado y las duchas calientes,True,False,False,True,True
validation,https://elpais.com/diario/1983/02/07/espana/413420423_850215.html,1983-02-06T23:00:00Z,82 poblaciones españolas están actualmente en «alerta roja»,True,False,False,True,True
validation,https://www.elperiodicodearagon.com/sociedad/2005/06/13/energia-eolica-superado-hidroelectrica-3-48170325.html,2005-06-13T06:05:00+02:00,La energía eólica ha superado a la hidroeléctrica en 3 meses del 2005,True,False,False,True,True
validation,https://www.elperiodicodearagon.com/aragon/2008/02/12/escasez-agua-obliga-endesa-parar-47953690.html,2008-02-12T03:55:00+01:00,La escasez de agua obliga a Endesa a parar diez centrales,True,False,False,True,True
test,https://elpais.com/diario/2006/12/03/paisvasco/1165178399_850215.html,2006-12-02T23:00:00Z,"1,3 millones de vascos se asoman a la sequía",True,False,False,True,True
validation,https://www.laopiniondezamora.es/comarcas/2017/10/06/gestion-energia-zamora-soluciones-electricas-2633614.html,2017-10-06T07:00:00+02:00,"Gestión de la energía en Zamora: Soluciones ""eléctricas"" contra la sequía",True,False,False,True,True
validation,https://www.levante-emv.com/comunitat-valenciana/2005/06/25/parada-nucleares-debilitan-sistema-electrico-13870640.html,2005-06-25T03:00:00+02:00,La parada de las nucleares debilitan el sistema eléctrico,True,False,False,True,True
validation,https://www.laopinioncoruna.es/medio-ambiente/2022/08/25/primera-central-hidroelectrica-paralizada-sequia-73850358.html,2022-08-25T13:03:26+02:00,Primera central hidroeléctrica paralizada por la sequía en España,True,False,False,True,True
validation,https://www.farodevigo.es/economia/2022/08/19/produccion-hidroelectrica-hunde-sequia-aviva-73677003.html,2022-08-19T04:02:21+02:00,La producción hidroeléctrica se hunde con la sequía y aviva la quema de carbón en España,True,False,False,True,True
validation,https://www.lne.es/economia/2022/08/21/produccion-hidroelectrica-hunde-sequia-aviva-73735548.html,2022-08-21T04:09:00+02:00,La producción hidroeléctrica se hunde con la sequía y aviva la quema de carbón,True,False,False,True,True
test,https://www.farodevigo.es/economia/2019/03/04/recuperacion-renovables-dispara-83-exportacion-15757083.html,2019-03-04T01:51:30+01:00,La recuperación de las renovables dispara un 83% la exportación de electricidad de Galicia,True,False,False,True,True
test,https://www.farodevigo.es/opinion/2017/11/23/sequia-azote-politico-economico-16152275.html,2017-11-23T01:15:13+01:00,La sequía como azote político y económico,True,False,False,True,True
validation,https://www.elperiodicodearagon.com/lo-ultimo/2006/09/11/sequia-desploma-produccion-hidroelectrica-48084028.html,2006-09-11T03:45:00+02:00,La sequía desploma la producción hidroeléctrica,True,False,False,True,True
test,https://www.elperiodicodearagon.com/aragon/2011/08/10/sequia-desploma-produccion-hidroelectrica-cuenca-47609224.html,2011-08-10T03:55:01+02:00,La sequía desploma la producción hidroeléctrica en la cuenca del Ebro,True,False,False,True,True
test,https://www.elperiodicodearagon.com/economia/2005/04/26/sequia-desploma-produccion-hidroelectrica-generada-48179842.html,2005-04-26T06:05:00+02:00,La sequía desploma la producción hidroeléctrica generada en Aragón,True,False,False,True,True
validation,https://www.elperiodicodearagon.com/aragon/2006/07/13/sequia-dispara-emision-co2-baja-48092393.html,2006-07-13T03:45:00+02:00,La sequía dispara la emisión de CO2 por la baja producción hidroeléctrica,True,False,False,True,True
validation,https://www.elperiodicodearagon.com/aragon/2006/06/24/sequia-disparo-emisiones-co2-aragon-48096496.html,2006-06-24T03:45:00+02:00,La sequía disparó las emisiones de CO2 en Aragón,True,False,False,True,True
validation,https://www.elperiodicodearagon.com/lo-ultimo/2008/01/28/sequia-hunde-produccion-hidroelectrica-pesar-47960446.html,2008-01-28T03:55:00+01:00,La sequía hunde la producción hidroeléctrica a pesar de la riada,True,False,False,True,True
validation,https://www.farodevigo.es/economia/2018/07/02/sequia-hundio-produccion-electrica-galicia-15954647.html,2018-07-02T03:06:37+02:00,La sequía hundió la producción eléctrica en Galicia a mínimos de los últimos 12 años,True,False,False,True,True
validation,https://www.elperiodicoextremadura.com/lo-ultimo/2009/11/25/sequia-interrumpe-generacion-electricidad-central-45125456.html,2009-11-25T08:38:00+01:00,La sequía interrumpe la generación de electricidad en la central de Alcántara,True,False,False,True,True
test,https://www.levante-emv.com/economia/2022/11/13/sequia-lleva-produccion-hidraulica-nivel-78507167.html,2022-11-13T14:18:59+01:00,La sequía lleva a la producción hidráulica al nivel más bajo de su historia,True,False,False,True,True
validation,https://www.levante-emv.com/comunitat-valenciana/2006/12/01/sequia-obliga-cambiar-turbinas-central-13632436.html,2006-12-01T01:00:00+01:00,La sequía obliga a cambiar las turbinas de la central hidroeléctrica de Contreras,True,False,False,True,True
validation,https://www.elperiodicodearagon.com/aragon/2011/08/23/sequia-recrudece-embalses-vuelven-perder-47606616.html,2011-08-23T03:55:00+02:00,La sequía se recrudece y los embalses vuelven a perder agua,True,False,False,True,True
validation,https://www.elperiodicoextremadura.com/sociedad/2005/06/13/sequia-reduce-produccion-obliga-recurrir-45539594.html,2005-06-13T06:25:00+02:00,La sequía reduce la producción y obliga a recurrir a otras energías,True,False,False,True,True
validation,https://www.farodevigo.es/economia/2018/04/07/sequia-tumbo-produccion-electricidad-renovable-16033695.html,2018-04-07T03:16:32+02:00,La sequía tumbó la producción de electricidad renovable en Galicia a mínimos en seis años,True,False,False,True,True
validation,https://elpais.com/diario/2002/12/06/internacional/1039129203_850215.html,2002-12-05T23:00:00Z,La ayuda internacional se agota,True,False,True,False,False
test,https://www.elperiodicoextremadura.com/extremadura/2005/09/16/24-millones-campo-45516313.html,2005-09-16T06:25:00+02:00,24 MILLONES PARA EL CAMPO,True,False,True,False,False
validation,https://elpais.com/planeta-futuro/en-primera-linea/2023-01-31/las-infancias-mas-hambrientas-lo-seran-mas-aun-por-el-conflicto-en-ucrania.html,2023-01-31T04:35:00.244Z,Las infancias más hambrientas lo serán más aún por el conflicto en Ucrania,True,False,True,False,False
validation,https://www.diariodemallorca.es/mallorca/2006/11/11/asaja-critica-font-estudios-impacto-4410282.html,2006-11-11T00:00:00+01:00,Asaja critica a Font por los estudios de impacto ambiental en las granjas,True,False,True,False,False
test,https://www.laopiniondezamora.es/comarcas/2012/02/29/aumenta-venta-pienso-ganado-provincia-1808457.html,2012-02-29T06:00:00+01:00,Aumenta la venta de pienso para el ganado en la provincia por la sequía,True,False,True,False,False
validation,https://www.diariodemallorca.es/part-forana/2007/05/12/ayuntamiento-aprueba-ayudas-ganaderia-4375460.html,2007-05-12T01:00:00+02:00,El Ayuntamiento aprueba ayudas a la ganadería,True,False,True,False,False
validation,https://elpais.com/diario/1999/06/07/economia/928706405_850215.html,1999-06-06T22:00:00Z,Agricultura ultima las ayudas contra la sequía dirigidas a los ganaderos,True,False,True,False,False
validation,https://www.diariodemallorca.es/part-forana/2006/12/01/campanet-destina-3-000-euros-4407831.html,2006-12-01T00:00:00+01:00,Campanet destina 3.000 euros a pastos para el ganado por la sequía,True,False,True,False,False
validation,https://www.elperiodicoextremadura.com/extremadura/2017/11/25/medidas-excepcionales-ganaderia-sequia-44220486.html,2017-11-25T03:40:01+01:00,Medidas excepcionales en ganadería por la sequía,True,False,True,False,False
validation,https://www.diariodemallorca.es/part-forana/2006/11/21/pleno-pedira-consell-otorgue-ayudas-4408556.html,2006-11-21T00:00:00+01:00,El pleno pedirá al Consell que otorgue ayudas para pastos debido a la sequía,True,False,True,False,False
validation,https://www.laprovincia.es/gran-canaria/2012/05/20/sequia-dispara-gastos-alimentar-ganaderia-10558623.html,2012-05-20T16:13:12+01:00,La sequía dispara los gastos para alimentar a la ganadería,True,False,True,False,False
validation,https://www.elperiodicodearagon.com/economia/2005/04/21/sequia-perder-15-euros-media-48180988.html,2005-04-21T06:05:00+02:00,La sequía hace perder 15 euros de media por cabeza de ganado,True,False,True,False,False
test,https://www.diariodemallorca.es/mallorca/2006/11/23/unio-pagesos-movilizara-forma-contundente-4408285.html,2006-11-23T00:00:00+01:00,Unió de Pagesos se movilizará de forma contundente contra Moner por la sequía,True,False,True,False,False
test,https://www.elperiodicoextremadura.com/extremadura/2019/10/02/upa-uce-exige-medidas-urgentes-43971892.html,2019-10-02T11:41:47+02:00,"UPA-UCE exige ""medidas urgentes"" ante el agravamiento de la sequía",True,False,True,False,False
test,https://elpais.com/diario/2005/09/09/cvalenciana/1126293478_850215.html,2005-09-08T22:00:00Z,Medio Ambiente concluye que el trasvase alternativo dará más agua al Vinalopó,True,True,False,False,False
validation,https://www.informacion.es/alicante/2012/02/28/4-400-hectareas-afectadas-alicante-6857044.html,2012-02-28T05:00:00+01:00,"4.400 hectáreas, afectadas en Alicante por la falta de lluvias",True,True,False,False,False
validation,https://elpais.com/economia/2017/05/25/actualidad/1495738903_690735.html,2017-05-26T05:40:35Z,Agricultura rechaza dar ayudas directas contra la sequía,True,True,False,False,False
validation,https://elpais.com/economia/2022-11-17/los-altos-precios-de-los-fertilizantes-amenazan-la-nueva-cosecha-de-cereal.html,2022-11-17T04:45:00.466Z,Los altos precios de los fertilizantes amenazan la nueva cosecha de cereal,True,True,False,False,False
validation,https://elpais.com/diario/1999/07/12/economia/931730411_850215.html,1999-07-11T22:00:00Z,La sequía rebajará la cosecha de los olivares en esta campaña a menos de 500.000 toneladas,True,True,False,False,False
validation,https://elpais.com/ccaa/2012/09/18/andalucia/1347959928_715631.html,2012-09-18T09:29:58Z,Delegados del SAT se encierran en la Universidad de Sevilla,True,True,False,False,False
test,https://elpais.com/diario/2000/09/12/cvalenciana/968786280_850215.html,2000-09-11T22:00:00Z,La superficie citrícola ha crecido un 23% en dos décadas a pesar de la escasez de agua,True,True,False,False,False
test,https://www.diariocordoba.com/etcetera/2016/08/19/calor-sequia-reducen-cosecha-montilla-36812476.html,2016-08-19T00:00:00+02:00,El calor y la sequía reducen la cosecha en Montilla-Moriles,True,True,False,False,False
test,https://www.levante-emv.com/costera/2015/10/08/campo-encomienda-olivo-caqui-paliar-12525226.html,2015-10-08T00:19:22+02:00,El campo se encomienda al olivo y el caqui para paliar la merma del 30 % de la cosecha citrícola,True,True,False,False,False
validation,https://www.levante-emv.com/ribera/2017/10/16/carlet-impulsa-proyecto-pionero-riego-55027950.html,2017-10-16T22:43:28+02:00,Carlet impulsa un proyecto pionero de riego por goteo con abono ecológico,True,True,False,False,False
validation,https://www.elperiodicodearagon.com/economia/2009/08/12/climatologia-reduce-cosecha-cereales-47807873.html,2009-08-12T03:55:00+02:00,La climatología reduce la cosecha de cereales,True,True,False,False,False
test,https://www.levante-emv.com/comarcas/2012/05/26/cosecha-cereales-requena-utiel-sera-12979034.html,2012-05-26T03:00:04+02:00,La cosecha de cereales en Requena-Utiel será la más baja de los últimos 15 años,True,True,False,False,False
test,https://www.levante-emv.com/costera/2016/01/14/crist-miracle-expande-mercado-exterior-12471841.html,2016-01-14T23:44:09+01:00,Crist del Miracle se expande en el mercado exterior pese a la merma de la cosecha,True,True,False,False,False
validation,https://elpais.com/diario/2005/09/29/espana/1127944824_850215.html,2005-09-29T02:57:00Z,La agricultura seguirá con cortes aunque el otoño traiga lluvias normales,True,True,False,False,False
validation,https://elpais.com/diario/2001/01/14/cvalenciana/979503502_850215.html,2001-01-13T23:00:00Z,Las subvenciones por la retirada de cultivos de secano se amplían al 75%,True,True,False,False,False
validation,https://elpais.com/diario/1992/03/21/economia/701132403_850215.html,1992-03-20T23:00:00Z,La sequía obligará a doblar los pagos por el seguro en cereales,True,True,False,False,False
validation,https://elpais.com/diario/2005/08/01/economia/1122847210_850215.html,2005-07-31T22:00:00Z,La previsión de una cosecha a la baja incrementa un 11% el precio del aceite de oliva,True,True,False,False,False
validation,https://www.diariocordoba.com/cordoba-ciudad/2015/10/05/junta-preve-cosecha-inferior-naranja-36978257.html,2015-10-05T00:00:00+02:00,La Junta prevé una cosecha inferior de naranja,True,True,False,False,False
validation,https://www.elperiodicomediterraneo.com/castello/2011/10/11/perdidas-9-millones-etapa-sequia-42209688.html,2011-10-11T00:00:00+02:00,Pérdidas de 9 millones por la etapa de sequía,True,True,False,False,False
validation,https://www.levante-emv.com/ribera/2018/01/27/sequia-altas-temperaturas-pasan-factura-12070653.html,2018-01-27T20:50:20+01:00,La sequía y las altas temperaturas pasan factura al campo,True,True,False,False,False
test,https://www.informacion.es/alcoy/2017/07/31/sequia-dana-30-000-cerezos-5582853.html,2017-07-31T13:59:41+02:00,La sequía daña 30.000 cerezos y amenaza con una fuerte caída de la producción,True,True,False,False,False
validation,https://www.laopiniondezamora.es/comarcas/2017/06/25/upa-coag-estima-provincia-zamora-1052162.html,2017-06-25T07:00:00+02:00,UPA-COAG estima que en la provincia de Zamora se ha perdido el 66% del cereal de invierno por la sequía,True,True,False,False,False
test,https://elpais.com/diario/2006/09/03/andalucia/1157235724_850215.html,2006-09-02T22:00:00Z,Andalucía afronta el otoño con la menor reserva de agua embalsada desde la última gran sequía,True,True,False,True,False
test,https://elpais.com/diario/2000/08/29/cvalenciana/967576684_850215.html,2000-08-28T22:00:00Z,La sequía pone en jaque los embalses valencianos,True,True,False,True,False
validation,https://elpais.com/espana/2022-08-11/el-pp-pide-que-comparezca-ribera-en-el-congreso-ante-la-situacion-critica-por-la-sequia.html,2022-08-11T14:09:55Z,El PP pide que comparezca Ribera en el Congreso ante la “situación crítica” causada por la sequía,True,True,False,True,False
validation,https://elpais.com/ccaa/2016/08/22/catalunya/1471885340_781423.html,2016-08-22T21:46:40Z,Los municipios restringen el consumo de agua ante los acuíferos secos,True,True,False,True,False
validation,https://elpais.com/diario/2005/10/05/espana/1128463217_850215.html,2005-10-04T22:00:00Z,Los ríos llevan un 57% menos de agua que hace un año,True,True,False,True,False
validation,https://www.informacion.es/alicante/2007/09/15/agricultores-piden-exencion-tasas-danos-7605960.html,2007-09-15T01:00:00+02:00,Los agricultores piden exención de tasas por los daños de la sequía,True,True,False,True,False
test,https://www.laopiniondezamora.es/opinion/2019/12/26/apuesta-mejorar-gestion-agua-2169449.html,2019-12-26T00:00:00+01:00,Una apuesta por mejorar la gestión del agua,True,True,False,True,False
test,https://www.elperiodicodearagon.com/lo-ultimo/2012/09/23/aragon-cierra-ano-agrario-nivel-47492124.html,2012-09-23T03:55:00+02:00,Aragón cierra el año agrario con un nivel ínfimo de reservas de agua,True,True,False,True,False
test,https://www.informacion.es/alicante/2022/08/03/avance-sequia-tajo-amenaza-parar-73032553.html,2022-08-03T11:34:31+02:00,El avance de la sequía en el Tajo amenaza con parar la agricultura a partir de enero,True,True,False,True,False
validation,https://www.elperiodicomediterraneo.com/castello/2015/03/05/castellon-punto-sequia-crecer-agua-41813024.html,2015-03-05T00:00:00+01:00,"Castellón, a punto de dejar atrás la sequía al crecer el agua embalsada",True,True,False,True,False
validation,https://elpais.com/diario/1999/09/03/cvalenciana/936386299_850215.html,1999-09-02T22:00:00Z,Autorizado un riego extraordinario del Segura para salvar hortalizas y fruta,True,True,False,True,False
test,https://www.levante-emv.com/ribera/2016/06/11/chj-descarta-construir-minipresas-aliviar-12398132.html,2016-06-11T00:05:21+02:00,La CHJ descarta construir minipresas para aliviar  la sequía de Els Alcalans,True,True,False,True,False
validation,https://www.informacion.es/benidorm/2016/04/16/chj-desembalsa-agua-marina-baixa-6189255.html,2016-04-16T01:34:32+02:00,La CHJ desembalsa agua de la Marina Baixa en plena sequía para crear dos ríos artificiales,True,True,False,True,False
validation,https://www.levante-emv.com/comarcas/2014/12/25/chj-pide-gobierno-declare-sequia-12641569.html,2014-12-25T22:27:54+01:00,La CHJ pide al Gobierno que declare la sequía pese a las reservas en el Xúquer,True,True,False,True,False
validation,https://www.informacion.es/vega-baja/2019/06/28/chs-abrira-45-pozos-sequia-5399810.html,2019-06-28T22:45:27+02:00,"La CHS abrirá 45 pozos de sequía, 11 en la Vega Baja, para garantizar el riego",True,True,False,True,False
test,https://www.elperiodicodearagon.com/lo-ultimo/2008/04/30/cuenca-ebro-situacion-prealerta-sequia-47932606.html,2008-04-30T14:42:00+02:00,La Cuenca del Ebro en situación de prealerta por sequía hidráulica,True,True,False,True,False
validation,https://elpais.com/diario/2005/06/25/espana/1119650416_850215.html,2005-06-24T22:00:00Z,Narbona considera que hay margen para trasvasar agua del Tajo,True,True,False,True,False
validation,https://elpais.com/clima-y-medio-ambiente/2022-08-13/europa-sin-agua-el-continente-se-asoma-a-un-futuro-con-sequias.html,2022-08-13T03:30:03.540Z,Europa sin agua: el continente se asoma a un futuro con sequías ,True,True,False,True,False
validation,https://elpais.com/espana/2022-08-10/espana-entra-en-sequia.html,2022-08-10T12:38:32Z,España entra en sequía,True,True,False,True,False
validation,https://elpais.com/politica/2017/10/24/actualidad/1508845996_661021.html,2017-10-25T08:07:53Z,Las últimas lluvias no revierten la situación límite de los embalses,True,True,False,True,False
validation,https://elpais.com/diario/2005/09/01/espana/1125525621_850215.html,2005-08-31T22:00:00Z,El Gobierno aprobará en octubre un nuevo y polémico trasvase desde el Tajo al Segura,True,True,False,True,False
validation,https://www.informacion.es/alicante/2018/09/02/gobierno-desperdicia-alicante-infraestructuras-hidraulicas-5682504.html,2018-09-02T01:00:00+02:00,El Gobierno desperdicia en Alicante infraestructuras hidráulicas valoradas en 1.500 millones en plena sequía,True,True,False,True,False
test,https://www.informacion.es/alicante/2005/01/21/gobierno-recurrira-caudales-agricultura-garantizar-7833925.html,2005-01-21T00:00:00+01:00,El Gobierno recurrirá a los caudales de la agricultura para garantizar el suministro,True,True,False,True,False
test,https://www.levante-emv.com/comunitat-valenciana/2007/05/22/jucar-sale-situacion-emergencia-sequia-13580929.html,2007-05-22T03:00:00+02:00,El Júcar sale de la situación de emergencia de sequía pese a la pérdida de agua en los embalses,True,True,False,True,False
validation,https://www.informacion.es/alicante/2006/09/05/medio-ambiente-agotara-reserva-agua-7736437.html,2006-09-05T01:00:00+02:00,Medio Ambiente agotará la reserva de agua de 2007 para evitar las restricciones,True,True,False,True,False
validation,https://www.levante-emv.com/ribera/2017/11/27/minimos-sequia-llueve-perdera-arbolado-12144528.html,2017-11-27T15:01:07+01:00,"«Estamos bajo mínimos por la sequía, si no llueve se perderá el arbolado»",True,True,False,True,False
validation,https://www.levante-emv.com/costera/2014/08/13/regantes-benicadell-acusan-sequia-pozos-12738532.html,2014-08-13T00:47:10+02:00,Regantes del Benicadell acusan la sequía de los pozos y alertan de las restricciones,True,True,False,True,False
test,https://www.levante-emv.com/safor/2014/08/08/regantes-buscan-agua-cierre-pantano-12741710.html,2014-08-08T22:23:35+02:00,Los regantes buscan agua ante el cierre del pantano de Beniarrés en septiembre,True,True,False,True,False
test,https://www.levante-emv.com/safor/2015/10/04/regantes-critican-tenga-vaciar-finales-12527968.html,2015-10-04T00:43:28+02:00,Los regantes critican que se tenga que vaciar a  finales de cada septiembre por razones de seguridad,True,True,False,True,False
validation,https://www.diariocordoba.com/agricultura-medio-ambiente/2021/09/13/regantes-reclaman-declare-decreto-sequia-57222355.html,2021-09-13T06:00:33+02:00,Los regantes reclaman que se declare el decreto de sequía,True,True,False,True,False
validation,https://www.informacion.es/vega-baja/2018/03/05/regantes-seguiran-agua-segura-5801461.html,2018-03-05T04:15:00+01:00,Los regantes seguirán sin agua del Segura,True,True,False,True,False
validation,https://www.informacion.es/alicante/2019/07/24/sequia-aboca-cuenca-segura-pase-5361042.html,2019-07-24T17:07:21+02:00,"La sequía aboca a que la cuenca del Segura pase a situación de ""emergencia"" en octubre",True,True,False,True,False
validation,https://www.levante-emv.com/economia/2014/08/02/sequia-ahoga-agricultura-restricciones-riego-12734106.html,2014-08-02T01:06:06+02:00,La sequía ahoga la agricultura con restricciones del riego de hasta el 85 %,True,True,False,True,False
validation,https://www.elperiodicodearagon.com/lo-ultimo/2017/08/07/sequia-amenaza-cosecha-margen-derecha-46896303.html,2017-08-07T08:21:04+02:00,La sequía amenaza la cosecha en la margen derecha del río Ebro,True,True,False,True,False
validation,https://www.elperiodicomediterraneo.com/castello/2014/11/02/sequia-intensifica-castellon-41846560.html,2014-11-02T00:00:00+01:00,La sequía se intensifica en Castellón,True,True,False,True,False
validation,https://www.levante-emv.com/castello/2011/05/16/ultimas-lluvias-recuperan-reservas-hidricas-13066009.html,2011-05-16T08:30:00+02:00,Las últimas lluvias recuperan las reservas hídricas de los embalses de Castelló,True,True,False,True,False
validation,https://www.levante-emv.com/ribera/2014/10/19/xuquer-registra-ano-aportaciones-existen-12704422.html,2014-10-19T01:19:33+02:00,El Xúquer registra el año con menos aportaciones desde que existen datos,True,True,False,True,False
validation,https://elpais.com/politica/2017/10/05/actualidad/1507198653_437781.html,2017-10-07T08:48:52Z,Retrato de una España atrapada en la sequía,True,True,False,True,True
validation,https://www.elperiodicodearagon.com/aragon/2007/12/01/che-toma-medidas-peor-sequia-47973441.html,2007-12-01T03:55:00+01:00,La CHE toma medidas ante la peor sequía de la última década,True,True,False,True,True
test,https://www.elperiodicodearagon.com/lo-ultimo/2008/02/16/jose-luis-alonso-presidente-che-47954241.html,2008-02-16T03:55:00+01:00,"José Luis Alonso  PRESIDENTE DE LA CHE: ""Sufrimos dos sequías, la climática y la hidráulica""",True,True,False,True,True
validation,https://www.informacion.es/alicante/2022/10/03/sequia-asfixia-tajo-coloca-trasvase-76720024.html,2022-10-03T12:43:34+02:00,La sequía asfixia al Tajo y coloca el trasvase a cinco meses del cierre total si no llueve este otoño,True,True,False,True,True
validation,https://elpais.com/economia/2012/03/18/actualidad/1332095091_492991.html,2012-03-19T02:05:26Z,La falta récord de lluvias eleva los costes del campo,True,True,True,False,False
validation,https://elpais.com/diario/2005/06/12/negocio/1118580747_850215.html,2005-06-11T22:00:00Z,La sequía se llevó la cosecha,True,True,True,False,False
validation,https://elpais.com/elpais/2018/06/12/planeta_futuro/1528820375_519759.html,2018-06-25T05:09:35Z,"“Mauritania ha estado largo tiempo indefensa, y hacen falta fondos ya”",True,True,True,False,False
test,https://elpais.com/diario/1986/08/22/espana/525045614_850215.html,1986-08-21T22:00:00Z,Una grave sequía afecta desde la primavera a 25 municipios,True,True,True,False,False
validation,https://elpais.com/economia/2012/04/01/actualidad/1333303078_487628.html,2012-04-02T06:17:28Z,Los agricultores recibirán ayudas por los efectos de la sequía,True,True,True,False,False
validation,https://elpais.com/diario/2010/08/04/internacional/1280872806_850215.html,2010-08-04T05:00:00Z,Rusia sufre la peor sequía en 50 años,True,True,True,False,False
test,https://www.diariocordoba.com/andalucia/2016/06/24/8-840-agricultores-ganaderos-beneficiaran-36833333.html,2016-06-24T00:00:00+02:00,Más de 8.840 agricultores y ganaderos se beneficiarán de ayudas para el seguro agrario,True,True,True,False,False
validation,https://elpais.com/planeta-futuro/2022-09-26/tres-adolescentes-alertan-al-mundo-desde-el-campo-de-refugiados-climaticos-mas-grande-de-somalia.html,2022-09-26T03:30:00.984Z,Tres adolescentes alertan al mundo desde el campo de refugiados climáticos más grande de Somalia ,True,True,True,False,False
validation,https://elpais.com/diario/1999/04/14/andalucia/924042124_850215.html,1999-04-13T22:00:00Z,Los agricultores alertan de que ya han perdido más de 75.000 millones por la falta de lluvias,True,True,True,False,False
validation,https://www.elperiodicoextremadura.com/extremadura/2012/04/20/agricultores-ganaderos-afectados-sequia-recibiran-44876861.html,2012-04-20T13:29:00+02:00,Los agricultores y ganaderos afectados por la sequía recibirán el 50% de la PAC por adelantado,True,True,True,False,False
test,https://www.elperiodicoextremadura.com/extremadura/2017/11/16/agroganadera-trujillo-preve-35-000-44224404.html,2017-11-16T17:39:18+01:00,La agroganadera de Trujillo prevé 35.000 visitas y 300.000 euros de negocio,True,True,True,False,False
validation,https://www.elperiodicomediterraneo.com/opinion/2012/03/10/alerta-sequia-42159088.html,2012-03-10T00:00:00+01:00,Alerta a la sequía,True,True,True,False,False
test,https://www.elperiodicoextremadura.com/extremadura/2019/10/03/apag-asaja-reclama-ayudas-reales-43971828.html,2019-10-03T03:40:01+02:00,Apag Asaja reclama ayudas reales contra la sequía y «no brindis al sol»,True,True,True,False,False
validation,https://www.elperiodicodearagon.com/economia/2012/04/10/aragon-pierde-cerca-600-millones-47547323.html,2012-04-10T17:50:34+02:00,Aragón pierde cerca de 600 millones de euros por la sequía,True,True,True,False,False
test,https://www.levante-emv.com/safor/2016/10/12/ava-alerta-sequia-provocado-perdidas-12332120.html,2016-10-12T23:28:53+02:00,AVA alerta de que la sequía ha provocado pérdidas de 245 millones al sector agrícola,True,True,True,False,False
validation,https://elpais.com/diario/2005/07/25/economia/1122242410_850215.html,2005-07-24T22:00:00Z,Agricultura y las comunidades retrasan las ayudas por la sequía y la subida del gasóleo,True,True,True,False,False
validation,https://www.elperiodicodearagon.com/economia/2007/12/05/campo-aragones-acumula-2-anos-47973465.html,2007-12-05T03:55:00+01:00,El campo aragonés acumula en 2 años 100 millones de pérdidas por la sequía,True,True,True,False,False
validation,https://www.diariocordoba.com/andalucia/2019/08/02/consensuadas-medidas-reducir-efectos-sequia-36171841.html,2019-08-02T00:00:00+02:00,Consensuadas las medidas para reducir los efectos de la sequía en la ganadería andaluza,True,True,True,False,False
validation,https://www.diariocordoba.com/cordoba-ciudad/2019/07/20/cs-pregunta-gobierno-medidas-tomara-36180180.html,2019-07-20T00:00:00+02:00,"Cs pregunta al Gobierno qué medidas tomará para paliar los efectos de la sequía ""severa"" en Córdoba",True,True,True,False,False
validation,https://elpais.com/elpais/2016/03/11/planeta_futuro/1457705252_362310.html,2016-03-16T08:33:30Z,La espiral perversa que atrapa a Etiopía,True,True,True,False,False
validation,https://elpais.com/diario/2005/06/18/espana/1119045627_850215.html,2005-06-17T22:00:00Z,El Gobierno baja la cotización a la Seguridad Social a los agricultores dañados por la sequía,True,True,True,False,False
validation,https://elpais.com/diario/2003/08/07/paisvasco/1060285203_850215.html,2003-08-06T22:00:00Z,Los «baserritarras» exigen ayudas ante las pérdidas ocasionadas por la sequía,True,True,True,False,False
test,https://elpais.com/diario/1999/08/08/espana/934063203_850215.html,1999-08-07T22:00:00Z,Los daños en la agricultura,True,True,True,False,False
validation,https://elpais.com/diario/2005/05/27/madrid/1117193068_850215.html,2005-05-26T22:00:00Z,Un verano sin melones de Villaconejos,True,True,True,False,False
validation,https://elpais.com/diario/1992/05/25/economia/706744816_850215.html,1992-05-24T22:00:00Z,La sequía provoca pérdidas de unos 250.000 millones de pesetas en la agricultura española,True,True,True,False,False
validation,https://www.diariodeibiza.es/formentera/2021/03/17/formentera-destina-15-000-ganaderos-43301808.html,2021-03-17T06:00:39+01:00,Formentera destina 15.000 € a los ganaderos para paliar los efectos de la sequía,True,True,True,False,False
test,https://www.diariodemallorca.es/part-forana/2021/05/10/govern-declara-situacion-sequia-ambito-51647386.html,2021-05-10T18:12:38+02:00,El Govern declara la situación de sequía en el ámbito agrario de Mallorca y Menorca,True,True,True,False,False
validation,https://www.elperiodicodearagon.com/aragon/2017/11/14/incorporan-lineas-ayuda-6-millones-46855284.html,2017-11-14T14:10:36+01:00,Se incorporan líneas de ayuda por 6 millones al plan de desarrollo rural,True,True,True,False,False
test,https://www.laopiniondemalaga.es/andalucia/2022/03/03/junta-aprueba-bateria-medidas-efectos-63366162.html,2022-03-03T07:01:04+01:00,La Junta aprueba una batería de medidas ante los efectos de la sequía,True,True,True,False,False
test,https://www.elperiodicoextremadura.com/extremadura/2005/08/03/lluvia-ayudas-sequia-45526437.html,2005-08-03T06:25:00+02:00,Lluvia de ayudas por la sequía,True,True,True,False,False
validation,https://www.elperiodicoextremadura.com/extremadura/2012/03/02/panorama-desolador-espana-44891292.html,2012-03-02T03:40:01+01:00,"Un ""panorama desolador"" para España",True,True,True,False,False
test,https://www.laopinioncoruna.es/galicia/2012/03/22/sequia-obligo-ganaderos-gastar-enero-25025896.html,2012-03-22T01:00:01+01:00,La sequía obligó a los ganaderos a gastar en enero el forraje de todo el año,True,True,True,False,False
validation,https://www.lne.es/asturias/2015/07/23/sequia-pasa-factura-19762515.html,2015-07-23T00:44:40+02:00,La sequía pasa factura,True,True,True,False,False
validation,https://www.elperiodicodearagon.com/aragon/2017/06/23/uaga-parara-aragon-acceda-medidas-46912384.html,2017-06-23T16:15:58+02:00,"UAGA ""no parará"" hasta que Aragón acceda a medidas para paliar la sequía",True,True,True,False,False
validation,https://www.elperiodicodearagon.com/economia/2005/09/28/uaga-protesta-hoy-alza-gasoleo-48151721.html,2005-09-28T06:05:00+02:00,UAGA protesta hoy por el alza del gasóleo con tractoradas en Aragón,True,True,True,False,False
test,https://www.farodevigo.es/galicia/2011/07/08/ue-adelanta-73-millones-ayudas-17740524.html,2011-07-08T09:30:00+02:00,La UE adelanta 73 millones en ayudas a los ganaderos gallegos,True,True,True,False,False
validation,https://www.elperiodicoextremadura.com/extremadura/2019/07/30/upa-uce-extremadura-cifra-336-43996661.html,2019-07-30T19:11:58+02:00,UPA-UCE Extremadura cifra en 336 millones las pérdidas del sector agrogandero por la sequía,True,True,True,False,False
test,https://elpais.com/diario/2005/08/12/paisvasco/1123875601_850215.html,2005-08-11T22:00:00Z,Los «baserritarras» creen insuficientes las medidas institucionales contra la sequía,True,True,True,True,False
validation,https://elpais.com/diario/2000/08/11/cvalenciana/966021485_850215.html,2000-08-10T22:00:00Z,La sequía y la excesiva extracción de agua de los pozos agotan los acuíferos de Castellón,True,True,True,True,False
test,https://elpais.com/planeta-futuro/2022-04-04/somalia-se-quiebra-por-la-sequia-historica-y-la-invasion-rusa-de-ucrania.html,2022-04-04T03:35:00.333Z,Somalia se quiebra por la sequía histórica y la invasión rusa de Ucrania,True,True,True,True,False
validation,https://elpais.com/diario/1983/02/07/espana/413420421_850215.html,1983-02-06T23:00:00Z,"La ganadería extensiva y la siembra de cultivos sociales, producciones más afectadas por la sequía",True,True,True,True,False
test,https://elpais.com/ccaa/2012/03/16/galicia/1331932114_944941.html,2012-03-16T21:10:08Z,La Xunta niega a las explotaciones ayudas directas para alimentar a los animales,True,True,True,True,False
test,https://elpais.com/mexico/2021-04-24/la-sequia-que-abrasa-mexico-una-tragedia-predecible-y-devastadora.html,2021-04-24T22:38:50.679Z,"La sequía que abrasa México, una tragedia predecible y devastadora",True,True,True,True,False
test,https://elpais.com/diario/2000/03/16/andalucia/953162538_850215.html,2000-03-15T23:00:00Z,Las asociaciones agrarias reclaman a Bruselas ayudas especiales por la sequía,True,True,True,True,False
test,https://elpais.com/diario/2000/03/21/cvalenciana/953669900_850215.html,2000-03-20T23:00:00Z,Las lluvias mejoran la situación de los cultivos pero no alivian la sequía crónica del campo,True,True,True,True,False
test,https://elpais.com/diario/2005/07/18/andalucia/1121638938_850215.html,2005-07-17T22:00:00Z,Las pérdidas en el campo por la sequía superan ya los 500 millones,True,True,True,True,False
validation,https://elpais.com/elpais/2017/01/24/planeta_futuro/1485253884_255678.html,2017-01-25T09:14:57Z,Piensos y vacunas para evitar el hambre,True,True,True,True,False
validation,https://elpais.com/clima-y-medio-ambiente/2021-09-28/el-riesgo-de-quiebra-hidrica-de-iran-no-todo-es-culpa-del-cambio-climatico.html,2021-09-28T11:21:55.102Z,El riesgo de quiebra hídrica de Irán: no todo es culpa del cambio climático,True,True,True,True,False
validation,https://elpais.com/diario/2005/04/30/espana/1114812019_850215.html,2005-04-29T22:00:00Z,La falta de lluvias provoca la mayor sequía de los últimos 60 años,True,True,True,True,False
validation,https://elpais.com/elpais/2016/08/05/planeta_futuro/1470396372_211003.html,2016-08-05T12:23:59Z,Etiopía: la sequía silenciosa,True,True,True,True,False
validation,https://elpais.com/diario/2005/05/02/opinion/1114984801_850215.html,2005-05-01T22:00:00Z,"De nuevo, la sequía",True,True,True,True,False
validation,https://www.levante-emv.com/comunitat-valenciana/2014/06/08/alarma-campo-sequia-12751623.html,2014-06-08T02:33:51+02:00,Alarma en el campo ante la sequía,True,True,True,True,False
validation,https://www.informacion.es/alicante/2022/02/17/alerta-sequia-provincia-62838240.html,2022-02-17T21:00:00+01:00,Alerta por sequía en la provincia de Alicante,True,True,True,True,False
validation,https://www.levante-emv.com/comunitat-valenciana/2014/03/21/ava-cifra-40-millones-sobrecostes-12785600.html,2014-03-21T22:28:19+01:00,AVA cifra en 40 millones los sobrecostes para el campo atribuibles a la sequía,True,True,True,True,False
validation,https://elpais.com/diario/1998/05/21/sociedad/895701605_850215.html,1998-05-20T22:00:00Z,La contaminación obliga a cerrar los aeropuertos de Managua y Tegucigalpa,True,True,True,True,False
test,https://www.elperiodicodearagon.com/aragon/2005/05/05/campo-aragones-arrastra-430-millones-48177600.html,2005-05-05T06:05:00+02:00,El campo aragonés arrastra ya 430 millones en pérdidas por la sequía,True,True,True,True,False
validation,https://www.elperiodicoextremadura.com/extremadura/2022/02/19/campo-extremeno-sequia-regadio-62907399.html,2022-02-19T07:30:11+01:00,El campo extremeño está al límite por la sequía y peligra la campaña de regadío,True,True,True,True,False
validation,https://www.laopiniondemalaga.es/malaga/2022/09/01/campo-malagueno-alerta-sequia-subida-74887650.html,2022-09-01T12:46:03+02:00,"El campo malagueño alerta de que la sequía, la subida de costes y la nueva PAC pueden abocar a la pérdida de ""multitud"" de explotaciones",True,True,True,True,False
validation,https://elpais.com/clima-y-medio-ambiente/2022-10-09/la-falta-de-agua-angustia-a-ambos-lados-de-la-raya.html,2022-10-09T03:30:00.952Z,La falta de agua angustia a ambos lados de la Raya,True,True,True,True,False
validation,https://www.elperiodicoextremadura.com/extremadura/2021/08/11/denuncian-falsa-sequia-afecta-pueblos-56121129.html,2021-08-11T08:00:45+02:00,Denuncian una «falsa sequía» que afecta a varios pueblos en Valdecañas,True,True,True,True,False
validation,https://elpais.com/diario/1999/08/05/andalucia/933805337_850215.html,1999-08-04T22:00:00Z,UGT prevé que la falta de lluvias provocará la pérdida de dos millones de jornales esta campaña,True,True,True,True,False
validation,https://www.informacion.es/sociedad/2022/02/08/nueve-localidades-extremadura-primeras-restricciones-62469127.html,2022-02-08T20:49:51+01:00,Nueve localidades de Extremadura tienen ya las primeras restricciones de agua,True,True,True,True,False
validation,https://www.farodevigo.es/galicia/2022/10/04/sequia-alza-precios-ahogan-campo-76750049.html,2022-10-04T04:00:00+02:00,La sequía y el alza de los precios ahogan el campo gallego con pérdidas de hasta un 50%,True,True,True,True,False
validation,https://elpais.com/diario/1981/10/31/economia/373330810_850215.html,1981-10-30T23:00:00Z,Crítica situación del campo español como consecuencia de la sequía,True,True,True,True,True
test,https://www.elperiodicodearagon.com/opinion/2008/02/12/prevision-antela-sequia-47955250.html,2008-02-12T03:55:00+01:00,Previsión antela sequía,True,True,True,True,True
validation,https://www.elperiodicoextremadura.com/lo-ultimo/2005/05/13/produccion-electrica-laspresas-cae-50-45548127.html,2005-05-13T06:25:00+02:00,La producción eléctrica de laspresas cae un 50% por la sequía,True,True,True,True,True
